{
  "hash": "65dcd0db",
  "configHash": "16af0c7b",
  "lockfileHash": "7b2643b2",
  "browserHash": "0a4f48d3",
  "optimized": {
    "@angular/common": {
      "src": "../../../../../../node_modules/@angular/common/fesm2022/common.mjs",
      "file": "@angular_common.js",
      "fileHash": "aebeab0b",
      "needsInterop": false
    },
    "@angular/common/http": {
      "src": "../../../../../../node_modules/@angular/common/fesm2022/http.mjs",
      "file": "@angular_common_http.js",
      "fileHash": "c9387b44",
      "needsInterop": false
    },
    "@angular/core": {
      "src": "../../../../../../node_modules/@angular/core/fesm2022/core.mjs",
      "file": "@angular_core.js",
      "fileHash": "79f3f6c8",
      "needsInterop": false
    },
    "@angular/forms": {
      "src": "../../../../../../node_modules/@angular/forms/fesm2022/forms.mjs",
      "file": "@angular_forms.js",
      "fileHash": "8ca709b1",
      "needsInterop": false
    },
    "@angular/platform-browser": {
      "src": "../../../../../../node_modules/@angular/platform-browser/fesm2022/platform-browser.mjs",
      "file": "@angular_platform-browser.js",
      "fileHash": "de0676e9",
      "needsInterop": false
    },
    "@angular/router": {
      "src": "../../../../../../node_modules/@angular/router/fesm2022/router.mjs",
      "file": "@angular_router.js",
      "fileHash": "94cabd81",
      "needsInterop": false
    },
    "rxjs/operators": {
      "src": "../../../../../../node_modules/rxjs/dist/esm5/operators/index.js",
      "file": "rxjs_operators.js",
      "fileHash": "94beb8e3",
      "needsInterop": false
    }
  },
  "chunks": {
    "chunk-MSDFGQON": {
      "file": "chunk-MSDFGQON.js"
    },
    "chunk-7IHGSFIC": {
      "file": "chunk-7IHGSFIC.js"
    },
    "chunk-5C53GCJV": {
      "file": "chunk-5C53GCJV.js"
    },
    "chunk-5BYDSGON": {
      "file": "chunk-5BYDSGON.js"
    },
    "chunk-3IUKNXBZ": {
      "file": "chunk-3IUKNXBZ.js"
    }
  }
}